,State,Year,TotalBallots,VotingEligiblePopulation,VotingAgePopulation,PercentVotingEligibleVotes,PercentVotingAgeVotes,PercentBachelors,Income,PercentWhite,AverageAge,Population,LandAreaSQM,PopulationDensity,Presidential
377,Alabama,2000,,3241682,3334576,,,19,59070,0.711,35.8,4452.17,50645,87.90936914,TRUE
378,Alaska,2000,287825,419111,440296,0.6867512425,0.6537079601,24.7,88130,0.693,32.4,627.963,570641,1.100451948,TRUE
379,Arizona,2000,1559520,3357701,3816498,0.4644606533,0.4086259183,23.5,66340,0.755,34.2,5160.59,113594,45.43012835,TRUE
380,Arkansas,2000,,1925961,2001774,,,16.7,49520,0.8,36,2678.59,52035,51.47669838,TRUE
381,California,2000,11142843,19685258,24867252,0.5660501376,0.4480930583,26.6,78070,0.595,33.3,33987.98,155779,218.1807561,TRUE
382,Colorado,2000,,3026316,3246521,,,32.7,80450,0.828,34.3,4326.92,103642,41.74871191,TRUE
383,Connecticut,2000,1474103,2357687,2575243,0.6252326963,0.5724131664,31.4,83670,0.816,37.4,3411.78,4842,704.622057,TRUE
384,Delaware,2000,,554863,594256,,,25,83990,0.746,36,786.373,1949,403.4751154,TRUE
385,District of Columbia,2000,,416696,458301,,,39.1,68740,0.308,34.6,572.046,61,9377.803279,TRUE
386,Florida,2000,6138765,10667193,12475387,0.5754808224,0.4920701057,22.3,64800,0.78,38.7,16047.52,53625,299.2544522,TRUE
387,Georgia,2000,2684951,5639668,6087332,0.4760831666,0.441071885,24.3,69880,0.651,33.4,8227.3,57513,143.0511363,TRUE
570,Hawaii,2000,371113,832642,923737,0.4457053572,0.4017517973,26.2,85960,0.243,36.2,1213.52,6423,188.9335202,TRUE
388,Idaho,2000,516647,877406,935443,0.5888345874,0.5523019575,21.7,62720,0.91,33.2,1299.43,82643,15.72341275,TRUE
389,Illinois,2000,4932192,8432600,9208908,0.5848957617,0.535589236,26.1,76820,0.735,34.7,12434.16,55519,223.9622472,TRUE
390,Indiana,2000,2246003,4424909,4527523,0.5075817378,0.4960776566,19.4,68150,0.875,35.2,6091.87,35826,170.0404734,TRUE
391,Iowa,2000,,2082950,2199529,,,21.2,68360,0.939,36.6,2929.07,55857,52.43872746,TRUE
392,Kansas,2000,1092716,1927950,1983933,0.5667761093,0.5507827129,25.8,68470,0.861,35.2,2693.68,81759,32.94658692,TRUE
571,Kentucky,2000,1568058,2955628,3059582,0.5305329358,0.5125072641,17.1,60480,0.901,35.9,4049.02,39486,102.5431799,TRUE
393,Louisiana,2000,1776133,3130267,3260060,0.5674062308,0.5448160463,18.7,51230,0.639,34,4471.89,43204,103.5063883,TRUE
394,Maine,2000,,969292,979314,,,22.9,62150,0.969,38.6,1277.07,30843,41.4055053,TRUE
572,Maryland,2000,2036455,3649631,3972224,0.5579892871,0.5126737566,31.4,90950,0.64,36,5311.03,9707,547.134027,TRUE
395,Massachusetts,2000,2736006,4517052,4870470,0.605706111,0.5617539991,33.2,77970,0.845,36.5,6361.1,7800,815.525641,TRUE
396,Michigan,2000,4279299,7070702,7370524,0.6052155783,0.580596305,21.8,75900,0.802,35.5,9952.45,56539,176.0280514,TRUE
397,Minnesota,2000,2458303,3506432,3662005,0.7010838938,0.6712997388,27.4,90470,0.894,35.4,4933.69,79627,61.96001356,TRUE
398,Mississippi,2000,,2024650,2076861,,,16.9,57200,0.614,33.8,2848.35,46923,60.7026405,TRUE
573,Missouri,2000,,4052255,4190073,,,21.6,75210,0.849,36.1,5607.29,68742,81.57007361,TRUE
399,Montana,2000,417916,667525,676065,0.6260679375,0.6181594965,24.4,54660,0.906,37.5,903.773,145546,6.20953513,TRUE
400,Nebraska,2000,707223,1224178,1266496,0.5777125549,0.5584091857,23.7,69620,0.896,35.3,1713.82,76824,22.30839321,TRUE
401,Nevada,2000,613360,1346116,1523209,0.4556516675,0.4026761922,18.2,76310,0.752,35,2018.74,109781,18.38879223,TRUE
402,New Hampshire,2000,578656,890622,934176,0.6497212061,0.6194293152,28.7,84930,0.96,37.1,1239.88,8953,138.4876578,TRUE
574,New Jersey,2000,3293378,5601788,6356954,0.5879155013,0.5180748516,29.8,84060,0.726,36.7,8430.62,7354,1146.399239,TRUE
403,New Mexico,2000,615607,1234088,1318129,0.4988355774,0.4670309203,23.5,58520,0.668,34.6,1821.2,121298,15.0142624,TRUE
575,New York,2000,6960215,12380208,14344348,0.562205013,0.485223518,27.4,67950,0.679,35.9,19001.78,47126,403.2122395,TRUE
404,North Carolina,2000,3015964,5744241,6143214,0.5250413414,0.4909423634,22.5,63900,0.721,35.3,8081.61,48618,166.2267062,TRUE
405,North Dakota,2000,292249,477968,482078,0.6114405148,0.6062276229,22,60030,0.924,36.2,642.023,69001,9.304546311,TRUE
406,Ohio,2000,4795989,8295592,8487355,0.5781370395,0.5650746316,21.1,71650,0.85,36.2,11363.54,40861,278.102347,TRUE
407,Oklahoma,2000,,2475220,2568304,,,20.3,54090,0.762,35.5,3454.37,68595,50.35891829,TRUE
408,Oregon,2000,1559215,2364402,2595354,0.6594542722,0.6007716096,25.1,70870,0.866,36.3,3429.71,95988,35.73061216,TRUE
409,Pennsylvania,2000,,9086897,9375146,,,22.4,70330,0.854,38,12284.17,44743,274.5495385,TRUE
410,Rhode Island,2000,412074,753877,804417,0.5466064093,0.5122641615,25.6,70370,0.85,36.7,1050.27,1034,1015.73501,TRUE
411,South Carolina,2000,1433533,2944326,3025380,0.4868798496,0.4738356835,20.4,62650,0.672,35.4,4024.22,30061,133.8684674,TRUE
412,South Dakota,2000,322159,548498,554875,0.5873476293,0.5805974319,21.5,60830,0.887,35.6,755.844,75811,9.970109879,TRUE
413,Tennessee,2000,2100241,4162996,4316391,0.5045022863,0.4865733897,19.6,56860,0.802,35.9,5703.72,41235,138.322299,TRUE
414,Texas,2000,6407637,13033081,15138468,0.491644071,0.4232685236,23.2,64390,0.71,32.3,20944.5,261232,80.17585901,TRUE
415,Utah,2000,784582,1431668,1534950,0.5480195129,0.5111449884,26.1,79300,0.892,27.1,2244.5,82170,27.31532189,TRUE
416,Vermont,2000,297146,459174,463503,0.6471315885,0.6410875442,29.4,66030,0.968,37.7,609.618,9217,66.14060974,TRUE
417,Virginia,2000,2789808,5069265,5389008,0.5503377709,0.5176848875,29.5,78650,0.723,35.7,7105.82,39490,179.9397316,TRUE
418,Washington,2000,2517028,4098044,4419907,0.6142022877,0.5694753306,27.7,70920,0.818,35.3,5910.51,66456,88.93869628,TRUE
576,West Virginia,2000,,1390365,1405021,,,14.8,49050,0.95,38.9,1807.02,24038,75.17347533,TRUE
419,Wisconsin,2000,,3842044,4016401,,,22.4,75190,0.889,36,5374,54158,99.2281842,TRUE
420,Wyoming,2000,221685,361078,366639,0.6139532179,0.6046410775,21.9,66090,0.921,36.2,494.3,97093,5.090995231,TRUE
421,Alabama,2002,,3285643,3371451,,,22.7,60570,0.71,,4480.09,50645,88.46065752,FALSE
422,Alaska,2002,232852,427337,457154,0.5448908005,0.5093513346,25.6,85010,0.67,,642.337,570641,1.125641165,FALSE
423,Arizona,2002,1255615,3419481,3998148,0.3671946123,0.3140491548,26.3,64000,0.63,,5396.26,113594,47.50479779,FALSE
424,Arkansas,2002,814176,1951568,2031787,0.4171906897,0.4007191699,18.3,52170,0.76,,2705.93,52035,52.00211396,FALSE
425,California,2002,7738821,20733192,25622609,0.3732575765,0.3020309524,27.9,76410,0.46,,34871.84,155779,223.8545632,FALSE
577,Colorado,2002,1424029,3056465,3362098,0.4659071836,0.4235536858,35.7,77790,0.75,,4490.41,103642,43.32616121,FALSE
426,Connecticut,2002,1090756,2418037,2617814,0.4510915259,0.4166667303,32.6,86000,0.78,,3458.75,4842,714.322594,FALSE
427,Delaware,2002,,564938,612919,,,29.5,79980,0.74,,806.169,1949,413.632119,FALSE
428,District of Columbia,2002,,412062,458631,,,44.4,62930,0.28,,573.158,61,9396.032787,FALSE
429,Florida,2002,5143674,11194391,13005435,0.4594867197,0.3955018806,25.7,61250,0.64,,16689.37,53625,311.223683,FALSE
430,Georgia,2002,,5731983,6287215,,,25,69170,0.61,,8508.26,57513,147.9362927,FALSE
431,Hawaii,2002,385462,872992,950520,0.4415412741,0.4055275007,26.8,76200,0.23,,1239.61,6423,192.995485,FALSE
578,Idaho,2002,416533,921256,970916,0.4521359969,0.4290103366,20.9,60750,0.87,,1340.37,82643,16.21879651,FALSE
432,Illinois,2002,3651808,8540965,9302571,0.4275638643,0.3925590033,27.3,68800,0.69,,12525.56,55519,225.6085304,FALSE
579,Indiana,2002,,4494191,4587747,,,23.7,66120,0.90,,6155.97,35826,171.8296768,FALSE
433,Iowa,2002,1040201,2136683,2214936,0.4868298199,0.4696302737,23.1,66120,0.91,,2934.23,55857,52.53110622,FALSE
434,Kansas,2002,851966,1897261,2007407,0.4490504996,0.4244111931,29.1,68650,0.85,,2713.54,81759,33.18949596,FALSE
435,Kentucky,2002,,3044267,3100972,,,21.6,59220,0.90,,4089.88,39486,103.577977,FALSE
436,Louisiana,2002,1267225,3163663,3312330,0.4005562539,0.3825781248,22.1,54780,0.63,,4497.27,43204,104.0938339,FALSE
437,Maine,2002,,995056,1001796,,,23.8,59360,0.97,,1295.96,30843,42.01796194,FALSE
438,Maryland,2002,1721626,3678346,4082694,0.4680435174,0.4216887183,37.6,90860,0.62,,5440.39,9707,560.4604924,FALSE
439,Massachusetts,2002,2220301,4458820,4919958,0.4979570828,0.4512845435,34.3,80310,0.81,,6417.21,7800,822.7192308,FALSE
580,Michigan,2002,3219864,7147888,7445335,0.4504636894,0.4324673101,22.5,68810,0.80,,10015.71,56539,177.1469251,FALSE
440,Minnesota,2002,,3518184,3745577,,,30.5,87980,0.89,,5018.94,79627,63.03063031,FALSE
441,Mississippi,2002,,2047426,2099698,,,20.9,49740,0.59,,2858.68,46923,60.9227884,FALSE
442,Missouri,2002,,4116889,4262146,,,26.7,68900,0.85,,5674.83,68742,82.55258794,FALSE
443,Montana,2002,340272,684572,690652,0.4970580158,0.492682277,23.6,56110,0.91,,911.667,145546,6.263772278,FALSE
581,Nebraska,2002,,1204512,1285024,,,27.1,68940,0.88,,1728.29,76824,22.49674581,FALSE
444,Nevada,2002,512433,1391100,1640679,0.3683653224,0.3123298342,22.1,72420,0.63,,2173.79,109781,19.80114956,FALSE
445,New Hampshire,2002,453078,930362,960401,0.4869910852,0.4717591923,30.1,89110,0.94,,1269.09,8953,141.7502513,FALSE
446,New Jersey,2002,2161105,5549726,6448445,0.3894075131,0.3351358351,31.4,87900,0.69,,8552.64,7354,1162.991569,FALSE
447,New Mexico,2002,502230,1255086,1360130,0.4001558459,0.3692514686,25.4,57110,0.45,,1855.31,121298,15.29547066,FALSE
448,New York,2002,4690968,12679865,14504792,0.3699540965,0.3234081537,28.8,67600,0.65,,19137.8,47126,406.0985443,FALSE
449,North Carolina,2002,,5876705,6314679,,,22.4,58820,0.67,,8326.2,48618,171.2575589,FALSE
450,North Dakota,2002,237224,476251,486797,0.4981070906,0.4873160681,25.3,58310,0.90,,638.168,69001,9.248677555,FALSE
582,Ohio,2002,3356285,8322521,8556557,0.4032774444,0.3922471387,24.5,68760,0.84,,11407.89,40861,279.187734,FALSE
451,Oklahoma,2002,,2513143,2610016,,,20.4,58730,0.78,,3489.08,68595,50.86493185,FALSE
452,Oregon,2002,1293756,2495739,2674581,0.518385937,0.483722871,27.1,67330,0.84,,3513.42,95988,36.60270034,FALSE
583,Pennsylvania,2002,,9143001,9454338,,,26.1,68460,0.85,,12331.03,44743,275.5968531,FALSE
453,Rhode Island,2002,337027,741776,819310,0.4543514484,0.4113546765,30.1,68330,0.84,,1066,1034,1030.947776,FALSE
602,South Carolina,2002,,2982810,3100548,,,23.3,60910,0.69,,4107.8,30061,136.6488141,FALSE
454,South Dakota,2002,340407,556154,564305,0.6120732747,0.6032322946,23.6,61010,0.91,,760.02,75811,10.02519423,FALSE
455,Tennessee,2002,,4151834,4393757,,,21.5,59650,0.78,,5795.92,41235,140.5582636,FALSE
584,Texas,2002,4552059,13181016,15718593,0.3453496301,0.2895971033,26.2,64670,0.50,,21690.33,261232,83.03090739,FALSE
456,Utah,2002,568290,1504529,1601707,0.3777195388,0.3548027198,26.8,77090,0.85,,2324.82,82170,28.29280759,FALSE
457,Vermont,2002,232993,471403,472402,0.4942543853,0.4932091735,30.8,69260,0.97,,615.442,9217,66.77248562,FALSE
458,Virginia,2002,1661915,5138270,5536511,0.3234386282,0.3001737015,34.6,79950,0.69,,7286.87,39490,184.5244366,FALSE
459,Washington,2002,1808720,4162032,4553733,0.4345761878,0.3971950046,28.3,72780,0.82,,6052.35,66456,91.07304081,FALSE
460,West Virginia,2002,440156,1398124,1413580,0.3148190003,0.311376788,15.9,47290,0.95,,1805.41,24038,75.10649804,FALSE
461,Wisconsin,2002,,3908088,4094028,,,24.7,73940,0.87,,5445.16,54158,100.5421175,FALSE
462,Wyoming,2002,188028,370488,376121,0.5075144134,0.4999135916,19.6,64050,0.91,,500.017,97093,5.149876922,FALSE
463,Alabama,2004,1890317,3292608,3427542,0.5741093383,0.5515080486,,56390,,,4530.73,50645,89.46055879,TRUE
464,Alaska,2004,314502,452124,476378,0.6956100539,0.6601942155,,84760,,,659.286,570641,1.155342851,TRUE
465,Arizona,2004,2038069,3717055,4215706,0.5483020832,0.4834466635,,67500,,,5652.4,113594,49.75967041,TRUE
466,Arkansas,2004,1070573,1969208,2072986,0.5436566376,0.5164400531,,53850,,,2749.69,52035,52.84308638,TRUE
467,California,2004,12589367,21132533,26246548,0.5957339331,0.4796580106,,75770,,,35574.58,155779,228.3656976,TRUE
468,Colorado,2004,2148036,3192647,3443164,0.6728072349,0.623855268,,78330,,,4575.01,103642,44.1424326,TRUE
585,Connecticut,2004,1607808,2429634,2652587,0.6617490536,0.6061282816,,84820,,,3496.09,4842,722.0342834,TRUE
469,Delaware,2004,377407,584817,635370,0.6453420472,0.5939956246,,73970,,,830.803,1949,426.2714212,TRUE
470,District of Columbia,2004,230105,419142,458758,0.5489905569,0.5015825337,,66890,,,567.754,61,9307.442623,TRUE
471,Florida,2004,7640319,11811921,13643828,0.6468311971,0.5599835325,,62400,,,17415.32,53625,324.7612121,TRUE
472,Georgia,2004,3317336,5878186,6499325,0.5643468921,0.510412389,,63090,,,8769.25,57513,152.4742232,TRUE
473,Hawaii,2004,431662,889540,982882,0.4852642939,0.4391798812,,86580,,,1273.57,6423,198.2827339,TRUE
603,Idaho,2004,612786,946160,1016255,0.6476557876,0.6029844872,,68280,,,1391.8,82643,16.84111177,TRUE
474,Illinois,2004,5350493,8576696,9391420,0.6238408124,0.5697214053,,70930,,,12589.77,55519,226.7650714,TRUE
475,Indiana,2004,2512142,4504260,4660157,0.5577257974,0.5390681044,,65160,,,6233.01,35826,173.9800703,TRUE
476,Iowa,2004,1521966,2156389,2239979,0.7057938062,0.679455477,,66790,,,2953.64,55857,52.87860071,TRUE
477,Kansas,2004,1213108,1928764,2032763,0.6289561605,0.5967778831,,63220,,,2734.37,81759,33.44426913,TRUE
478,Kentucky,2004,1816867,3057741,3157464,0.5941860347,0.5754197039,,54820,,,4146.1,39486,105.0017728,TRUE
479,Louisiana,2004,1956590,3182762,3379937,0.6147459345,0.5788835709,,56080,,,4552.24,43204,105.3661698,TRUE
480,Maine,2004,751519,1003792,1022043,0.7486800054,0.7353105496,,63620,,,1313.69,30843,42.59280874,TRUE
604,Maryland,2004,2395791,3797264,4179376,0.6309255822,0.5732413164,,87900,,,5546.94,9707,571.4371072,TRUE
481,Massachusetts,2004,2927455,4533859,4935787,0.6456872611,0.5931080494,,80080,,,6412.28,7800,822.0871795,TRUE
482,Michigan,2004,4875692,7263024,7508568,0.6713033029,0.6493504487,,65050,,,10055.32,56539,177.8475035,TRUE
483,Minnesota,2004,2842912,3609185,3819020,0.7876880792,0.744408775,,86360,,,5087.71,79627,63.89428209,TRUE
484,Mississippi,2004,,2068766,2133681,,,,53500,,,2889.01,46923,61.56916651,TRUE
586,Missouri,2004,2764635,4180960,4339414,0.6612440683,0.6370986958,,64860,,,5747.74,68742,83.61322045,TRUE
485,Montana,2004,456096,699114,711858,0.6523914555,0.6407120521,,52270,,,930.009,145546,6.389794292,TRUE
611,Nebraska,2004,792906,1236522,1305430,0.6412388943,0.6073906682,,67400,,,1749.37,76824,22.77113923,TRUE
486,Nevada,2004,831563,1501437,1776962,0.5538447501,0.4679689267,,72660,,,2346.22,109781,21.37182208,TRUE
487,New Hampshire,2004,683672,956422,984422,0.7148225365,0.6944907773,,87460,,,1290.12,8953,144.0991846,TRUE
488,New Jersey,2004,3638153,5663201,6513394,0.6424198965,0.5585648588,,85090,,,8634.56,7354,1174.131085,TRUE
489,New Mexico,2004,775301,1282767,1411419,0.6043973691,0.549306053,,60900,,,1903.81,121298,15.69531237,TRUE
490,New York,2004,7448266,12738056,14598898,0.5847254872,0.5101937146,,68730,,,19171.57,47126,406.8151339,TRUE
605,North Carolina,2004,3552449,6055771,6505150,0.5866220833,0.5460979378,,61940,,,8553.15,48618,175.9255831,TRUE
491,North Dakota,2004,316049,482722,496479,0.654722594,0.636580802,,60370,,,644.705,69001,9.343415313,TRUE
492,Ohio,2004,5722443,8427696,8624277,0.6790044396,0.6635272731,,66280,,,11452.25,40861,280.2733658,TRUE
493,Oklahoma,2004,,2510823,2649994,,,,60980,,,3525.23,68595,51.39193819,TRUE
494,Oregon,2004,1851671,2550887,2736472,0.7258929933,0.6766636019,,63100,,,3569.46,95988,37.18652332,TRUE
495,Pennsylvania,2004,,9221962,9554349,,,,67900,,,12410.72,44743,277.3779139,TRUE
496,Rhode Island,2004,440228,747046,827513,0.5892916902,0.5319892255,,73790,,,1074.58,1034,1039.245648,TRUE
497,South Carolina,2004,1626720,3055098,3198733,0.5324608245,0.5085513546,,59560,,,4210.92,30061,140.0791723,TRUE
498,South Dakota,2004,394930,569161,576472,0.6938809933,0.6850809753,,63280,,,770.396,75811,10.16206091,TRUE
587,Tennessee,2004,2456610,4328446,4496929,0.5675501092,0.5462861433,,58610,,,5910.81,41235,143.3444889,TRUE
588,Texas,2004,,13796256,16284659,,,,63730,,,22394.02,261232,85.72464323,TRUE
499,Utah,2004,942010,1574463,1664066,0.598305581,0.5660893258,,78310,,,2401.58,82170,29.22696848,TRUE
500,Vermont,2004,314220,470754,480053,0.6674823793,0.6545527265,,72860,,,619.92,9217,67.258327,TRUE
501,Virginia,2004,3223156,5277156,5699175,0.6107751979,0.5655478205,,78720,,,7475.58,39490,189.3031147,TRUE
502,Washington,2004,2883499,4272914,4683829,0.6748319765,0.6156285808,,76850,,,6178.65,66456,92.97354641,TRUE
503,West Virginia,2004,769645,1396545,1425689,0.5511064806,0.5398407367,,51370,,,1816.44,24038,75.56535485,TRUE
504,Wisconsin,2004,3016288,4006948,4172068,0.7527644482,0.722971917,,70400,,,5514.03,54158,101.8137671,TRUE
505,Wyoming,2004,245789,370785,386796,0.6628881967,0.6354486603,,69880,,,509.106,97093,5.243488202,TRUE
291,Alabama,2006,,3338467,3513952,,,21.1,55180,0.704,37.2,4628.98,50645,91.40053312,FALSE
292,Alaska,2006,238307,465169,492452,0.5123019806,0.4839192449,26.9,82020,0.687,33.5,675.302,570641,1.183409534,FALSE
293,Arizona,2006,1553032,3923786,4490327,0.3957993632,0.3458616711,25.5,67830,0.769,34.6,6029.14,113594,53.07621881,FALSE
294,Arkansas,2006,780409,2004193,2130080,0.3893881477,0.3663754413,18.2,53880,0.786,37.1,2821.76,52035,54.22811569,FALSE
295,California,2006,8899059,21582217,26739781,0.4123329406,0.3328022395,29,80430,0.598,34.4,36021.2,155779,231.2327079,FALSE
296,Colorado,2006,1586105,3297308,3569901,0.4810302829,0.4442994358,34.3,80970,0.828,35.4,4720.42,103642,45.54543525,FALSE
606,Connecticut,2006,1162391,2437559,2683538,0.4768668164,0.4331561543,33.7,90730,0.799,39.1,3517.46,4842,726.4477489,FALSE
297,Delaware,2006,258053,601341,659410,0.4291292295,0.3913392275,27,76240,0.721,37.5,859.268,1949,440.8763468,FALSE
298,District of Columbia,2006,122356,426612,466827,0.2868086224,0.262101378,45.9,70480,0.345,35,570.681,61,9355.42623,FALSE
299,Florida,2006,4884544,12187858,14211669,0.400771325,0.3436995331,25.3,66410,0.761,39.8,18166.99,53625,338.7783683,FALSE
559,Georgia,2006,2143845,6115331,6799654,0.3505689226,0.3152873661,26.6,71740,0.621,34.6,9155.81,57513,159.1954862,FALSE
300,Hawaii,2006,348988,908925,1012975,0.3839568721,0.3445178805,29.7,87910,0.263,37.2,1309.73,6423,203.9125019,FALSE
560,Idaho,2006,458927,993010,1072895,0.4621574808,0.4277464244,23.3,67190,0.925,34.3,1468.67,82643,17.77125709,FALSE
301,Illinois,2006,3586292,8667453,9483856,0.4137653818,0.3781470322,28.9,70760,0.707,35.7,12643.96,55519,227.7411337,FALSE
302,Indiana,2006,1719351,4559294,4743856,0.3771090436,0.3624374349,21.7,66010,0.86,36.3,6332.67,35826,176.7618489,FALSE
303,Iowa,2006,1071509,2178322,2267991,0.4918965148,0.4724485238,24,69970,0.93,37.8,2982.64,55857,53.39778363,FALSE
304,Kansas,2006,864083,1948850,2062668,0.4433809683,0.4189152108,28.6,66230,0.854,36.3,2762.93,81759,33.79358847,FALSE
305,Kentucky,2006,1370062,3100828,3218000,0.4418374705,0.4257495339,20,57410,0.895,37.3,4219.24,39486,106.8540749,FALSE
306,Louisiana,2006,954896,3043573,3239317,0.3137417765,0.2947831287,20.3,53050,0.644,35.6,4302.67,43204,99.58962133,FALSE
561,Maine,2006,,1016287,1037200,,,25.8,66360,0.958,41,1323.62,30843,42.91476186,FALSE
601,Maryland,2006,1809237,3833349,4261205,0.4719729406,0.4245834218,35.1,92560,0.613,37.3,5627.37,9707,579.7228804,FALSE
307,Massachusetts,2006,2243835,4552794,4970780,0.4928479083,0.4514050109,37,80440,0.828,38.3,6410.08,7800,821.8051282,FALSE
308,Michigan,2006,3852008,7292624,7532918,0.5282060339,0.5113566881,24.5,70730,0.795,37.3,10036.08,56539,177.5072074,FALSE
309,Minnesota,2006,2217552,3667707,3896561,0.6046153632,0.5691049107,30.4,81720,0.878,36.8,5163.56,79627,64.84684843,FALSE
589,Mississippi,2006,,2077420,2154112,,,18.8,50500,0.601,35.4,2904.98,46923,61.90951133,FALSE
310,Missouri,2006,2178278,4253541,4427266,0.5121093226,0.4920142589,24.3,64810,0.84,37.2,5842.7,68742,84.99461756,FALSE
311,Montana,2006,411061,720447,734669,0.5705638305,0.5595186404,27.4,59760,0.897,39.5,952.692,145546,6.545641928,FALSE
558,Nebraska,2006,610499,1251027,1325932,0.4879982606,0.4604300975,26.9,70000,0.886,36,1772.69,76824,23.0746902,FALSE
312,Nevada,2006,586274,1579222,1907976,0.3712422953,0.3072753536,20.8,76010,0.736,35.6,2522.66,109781,22.97902187,FALSE
562,New Hampshire,2006,418550,975281,1006234,0.4291583656,0.4159569245,31.9,90090,0.951,39.3,1308.39,8953,146.1398414,FALSE
313,New Jersey,2006,2315643,5701033,6565183,0.4061795468,0.3527156821,33.4,98950,0.696,38.2,8661.68,7354,1177.818874,FALSE
314,New Mexico,2006,568597,1320285,1464560,0.4306623191,0.3882374228,25.3,58190,0.678,35.2,1962.14,121298,16.17619417,FALSE
315,New York,2006,4703830,12878632,14665626,0.3652429854,0.3207384397,31.2,70110,0.664,37.4,19104.63,47126,405.3946866,FALSE
316,North Carolina,2006,2036451,6264630,6799585,0.3250712333,0.2994963663,24.8,57860,0.703,36.6,8917.27,48618,183.4149903,FALSE
317,North Dakota,2006,220479,486142,503647,0.4535279815,0.4377649425,25.6,59680,0.91,37.1,649.422,69001,9.411776641,FALSE
318,Ohio,2006,4184072,8461211,8687609,0.4945003735,0.4816137559,23,66730,0.84,37.6,11481.21,40861,280.9821101,FALSE
319,Oklahoma,2006,,2547224,2709819,,,22.1,56460,0.754,36.2,3594.09,68595,52.39580144,FALSE
320,Oregon,2006,1399650,2628937,2829482,0.5324014992,0.4946665149,27.5,68460,0.861,37.6,3670.88,95988,38.24311372,FALSE
321,Pennsylvania,2006,,9283762,9680466,,,25.4,70480,0.838,39.6,12510.81,44743,279.6149118,FALSE
322,Rhode Island,2006,392882,754219,824887,0.520912361,0.4762858428,29.6,78120,0.826,38.4,1063.1,1034,1028.143133,FALSE
323,South Carolina,2006,1117311,3152046,3332190,0.354471667,0.3353083108,22.7,57600,0.673,37.1,4357.85,30061,144.9669006,FALSE
324,South Dakota,2006,341105,580592,589178,0.5875124011,0.5789506737,24.8,66040,0.872,37.3,783.033,75811,10.32875176,FALSE
325,Tennessee,2006,1868363,4433921,4641909,0.4213794066,0.4024988426,21.7,59160,0.792,37.2,6088.77,41235,147.6602401,FALSE
326,Texas,2006,,14255313,17029802,,,24.7,62960,0.698,33.1,23359.58,261232,89.42082134,FALSE
327,Utah,2006,582561,1664323,1752158,0.3500288105,0.3324820022,28.6,79420,0.891,28.4,2525.51,82170,30.73518316,FALSE
328,Vermont,2006,263025,478247,487141,0.549977313,0.539936076,32.4,75570,0.963,40.6,622.892,9217,67.58077466,FALSE
329,Virginia,2006,2398589,5385522,5867219,0.4453772541,0.408811909,32.7,83040,0.708,36.9,7673.73,39490,194.3208407,FALSE
330,Washington,2006,2085074,4403981,4861001,0.473452088,0.4289392247,30.5,79560,0.805,36.7,6370.75,66456,95.86418081,FALSE
372,West Virginia,2006,473014,1401490,1439052,0.337507938,0.3286983375,16.5,55860,0.946,40.7,1827.91,24038,76.04251602,FALSE
331,Wisconsin,2006,2183155,4064432,4240696,0.5371365544,0.5148105405,25.1,75150,0.875,37.6,5577.66,54158,102.9886628,FALSE
373,Wyoming,2006,196217,379127,400187,0.5175495283,0.4903132785,22.7,68390,0.918,37.5,522.667,97093,5.383158415,FALSE
0,Alabama,2008,2105622,3454510,3595708,0.6095284136,0.5855931572,22,60810,0.6867,37.65537123,4718.21,50645,93.16240498,TRUE
1,Alaska,2008,327341,479429,507645,0.6827726316,0.6448226615,27.3,87500,0.6616,34.41499924,687.455,570641,1.204706637,TRUE
596,Arizona,2008,2320851,4046075,4673718,0.5736055313,0.4965748896,25.1,64150,0.5822,36.57862643,6280.36,113594,55.28777928,TRUE
2,Arkansas,2008,1095958,2071563,2174846,0.529048839,0.5039244158,18.8,54130,0.7571,37.74574864,2874.55,52035,55.24262516,TRUE
524,California,2008,13743177,22261504,27411094,0.6173516848,0.5013728018,29.6,77960,0.4203,35.88449083,36604.34,155779,234.9760879,TRUE
3,Colorado,2008,2422236,3382959,3708955,0.7160110424,0.6530777537,35.6,83330,0.7106,36.31498744,4889.73,103642,47.17903939,TRUE
253,Connecticut,2008,,2471082,2725917,,,35.6,88440,0.7383,38.41663219,3545.58,4842,732.2552664,TRUE
4,Delaware,2008,413562,628200,680493,0.6583285578,0.6077388011,27.5,69330,0.6774,37.93864013,883.874,1949,453.5012827,TRUE
5,District of Columbia,2008,266871,432566,481971,0.6169486275,0.5537075882,48.2,76010,0.3161,37.75559134,580.236,61,9512.065574,TRUE
6,Florida,2008,8453743,12687407,14558436,0.6663097511,0.5806765919,25.8,61340,0.6027,40.00452046,18527.31,53625,345.4976224,TRUE
520,Georgia,2008,3940705,6281872,7063638,0.6273138007,0.5578860355,27.5,63210,0.583,35.55832729,9504.84,57513,165.2642011,TRUE
7,Hawaii,2008,456064,930067,1036088,0.4903560711,0.4401788265,29.1,84120,0.236,38.84141579,1332.21,6423,207.4124241,TRUE
264,Idaho,2008,667506,1029416,1117842,0.6484317322,0.5971380571,24,64840,0.8485,35.69999326,1534.32,82643,18.56563774,TRUE
8,Illinois,2008,5578195,8681138,9615700,0.6425649494,0.5801132523,29.9,72820,0.6447,36.68861102,12747.04,55519,229.5977953,TRUE
525,Indiana,2008,2805986,4653019,4826231,0.6030463233,0.5814031695,22.9,63610,0.8333,37.14933014,6424.81,35826,179.3337241,TRUE
265,Iowa,2008,1543662,2216094,2298515,0.6965688279,0.6715910055,24.3,68560,0.9015,38.14115411,3016.73,55857,54.00809209,TRUE
246,Kansas,2008,1264208,1991759,2100084,0.6347193611,0.6019797303,29.6,65470,0.8042,37.01354853,2808.08,81759,34.34582126,TRUE
521,Kentucky,2008,1858578,3152629,3277617,0.589532736,0.567051611,19.7,56260,0.8809,37.93701129,4289.88,39486,108.6430634,TRUE
9,Louisiana,2008,1979852,3205794,3342279,0.6175855342,0.5923658677,20.3,54100,0.6219,36.58332163,4435.59,43204,102.6661883,TRUE
10,Maine,2008,744456,1036242,1049816,0.7184190566,0.7091299809,25.4,64580,0.9538,40.3311357,1330.51,30843,43.13815128,TRUE
526,Maryland,2008,2661905,3925117,4342850,0.6781721411,0.6129396594,35.2,87120,0.5746,37.41051188,5684.97,9707,585.6567426,TRUE
11,Massachusetts,2008,3102995,4612550,5058035,0.6727287509,0.6134783567,38.1,82480,0.7873,38.24547094,6468.97,7800,829.3551282,TRUE
12,Michigan,2008,5039080,7229512,7528460,0.6970152342,0.6693374209,24.7,68080,0.7778,37.64687026,9946.89,56539,175.9297122,TRUE
13,Minnesota,2008,2921147,3740142,3975974,0.7810256937,0.7346997239,31.5,75100,0.8509,37.18812076,5247.02,79627,65.89498537,TRUE
527,Mississippi,2008,,2113347,2190402,,,19.4,49830,0.5876,36.40954436,2947.81,46923,62.82228332,TRUE
14,Missouri,2008,2950504,4327572,4507688,0.6817920072,0.6545492944,25,62950,0.8256,37.6721134,5923.92,68742,86.17613686,TRUE
15,Montana,2008,497599,741853,755384,0.6707514831,0.6587364837,27.1,58660,0.8784,38.00735216,976.415,145546,6.708635071,TRUE
16,Nebraska,2008,811923,1274719,1348048,0.6369427301,0.6022953189,27.1,69360,0.8379,36.8202208,1796.38,76824,23.38305738,TRUE
528,Nevada,2008,970019,1696831,2000277,0.5716650627,0.4849423355,21.9,74850,0.5661,36.54294431,2653.63,109781,24.17203341,TRUE
515,New Hampshire,2008,719643,992226,1021787,0.7252813371,0.7042984497,33.3,90490,0.9294,38.68430957,1315.91,8953,146.9797833,TRUE
17,New Jersey,2008,3910220,5776527,6651284,0.6769153853,0.5878894962,34.4,89300,0.6169,37.89837073,8711.09,7354,1184.537667,TRUE
18,New Mexico,2008,833365,1362629,1505830,0.6115861324,0.5534256855,24.7,57570,0.4152,36.95377456,2010.66,121298,16.57620076,TRUE
254,New York,2008,7721718,12948969,14876971,0.5963191355,0.5190383177,31.9,69000,0.5997,37.99712838,19212.44,47126,407.6823834,TRUE
266,North Carolina,2008,4354571,6584302,7096503,0.6613565113,0.6136220896,26.1,58700,0.6725,37.32115729,9309.45,48618,191.48155,TRUE
255,North Dakota,2008,321133,504762,512768,0.6362067668,0.6262734804,26.9,67860,0.9016,38.09224971,657.569,69001,9.529847394,TRUE
19,Ohio,2008,5773777,8513079,8757453,0.6782242946,0.6592986568,24.1,64180,0.8255,37.94501456,11515.39,40861,281.8186045,TRUE
529,Oklahoma,2008,1474694,2619121,2770219,0.5630492062,0.532338418,22.2,63050,0.7146,37.08632581,3668.98,68595,53.48757198,TRUE
20,Oregon,2008,1845251,2700327,2916246,0.6833435358,0.6327487462,28.1,70730,0.7983,38.17298419,3768.75,95988,39.26272034,TRUE
21,Pennsylvania,2008,6071357,9457942,9813664,0.6419321455,0.6186636306,26.3,70290,0.8165,39.21583477,12612.29,44743,281.8829761,TRUE
22,Rhode Island,2008,475428,763608,825786,0.6226074111,0.575727852,30,72800,0.7858,38.76530612,1055,1034,1020.309478,TRUE
23,South Carolina,2008,1927153,3311044,3473488,0.5820378708,0.5548178085,23.7,57640,0.6529,37.93090033,4529,30061,150.660324,TRUE
599,South Dakota,2008,387449,590720,602539,0.6558928088,0.6430272563,25.1,70560,0.8607,37.63241979,799.124,75811,10.54100328,TRUE
24,Tennessee,2008,2618238,4563192,4771926,0.5737733586,0.5486753147,22.9,54290,0.7713,37.90223649,6247.41,41235,151.5074573,TRUE
530,Texas,2008,,14929810,17756112,,,25.3,63570,0.4743,34.70768092,24309.04,261232,93.05536841,TRUE
25,Utah,2008,971185,1700286,1840087,0.5711891999,0.5277929794,29.1,85510,0.8196,32.13849189,2663.03,82170,32.40878666,TRUE
26,Vermont,2008,326822,482677,492610,0.6771029073,0.6634497879,32.1,69330,0.9507,39.78217326,624.151,9217,67.71737008,TRUE
27,Virginia,2008,3753059,5555415,6022123,0.6755677119,0.623211947,33.7,84760,0.6704,37.50490672,7833.5,39490,198.3666751,TRUE
28,Washington,2008,3071587,4561163,5032960,0.6734218882,0.6102943397,30.7,77440,0.7528,37.48387097,6562.23,66456,98.74548573,TRUE
523,West Virginia,2008,731691,1430439,1453045,0.5115149964,0.503557013,17.1,51950,0.9374,40.07636528,1840.31,24038,76.55836592,TRUE
29,Wisconsin,2008,2997086,4120694,4306876,0.7273255427,0.6958839772,25.7,70010,0.8521,37.93077275,5641,54158,104.1582038,TRUE
30,Wyoming,2008,256035,405732,418040,0.6310446304,0.6124653143,23.6,72930,0.8651,37.20131757,546.043,97093,5.623917275,TRUE
590,Alabama,2010,1503232,3472582,3661784,0.4328859621,0.4105190257,21.9,55440,0.6735,38.01909103,4785.51,50645,94.49126271,FALSE
31,Alaska,2010,261128,493764,528744,0.5288518402,0.4938647058,27.9,78340,0.6417,34.81259129,713.982,570641,1.251192957,FALSE
32,Arizona,2010,1750840,4209544,4807398,0.4159215345,0.3641970147,25.9,63510,0.5799,37.28039444,6407.34,113594,56.40562002,FALSE
531,Arkansas,2010,789773,2081156,2216171,0.3794876501,0.3563682586,19.5,52260,0.7459,38.02565279,2922,52035,56.15451139,FALSE
33,California,2010,10529134,22946053,28167234,0.4588647119,0.373807879,30.1,73520,0.3999,36.32138231,37319.55,155779,239.5672716,FALSE
34,Colorado,2010,1828323,3533054,3843619,0.5174908167,0.47567748,36.4,81570,0.7023,36.7163663,5047.54,103642,48.70168465,FALSE
35,Connecticut,2010,1153872,2512981,2765843,0.4591646336,0.4171863696,35.5,89380,0.7123,38.88370817,3579.17,4842,739.1924824,FALSE
36,Delaware,2010,316754,646969,696940,0.489596874,0.4544924958,27.8,74780,0.6563,38.59550304,899.647,1949,461.5941508,FALSE
37,District of Columbia,2010,135846,458619,506765,0.2962066552,0.2680650795,50.1,77100,0.3354,37.70975096,605.282,61,9922.655738,FALSE
38,Florida,2010,5473787,12961184,14916066,0.4223215256,0.366972565,25.8,59680,0.5788,40.33040742,18846.14,53625,351.4431702,FALSE
39,Georgia,2010,2623035,6464845,7255919,0.405738266,0.3615027952,27.3,59750,0.5604,36.07633807,9712.21,57513,168.8698207,FALSE
509,Hawaii,2010,386302,959531,1062593,0.4025946009,0.3635465319,29.5,80630,0.217,39.18569453,1364,6423,212.3618247,FALSE
267,Idaho,2010,459079,1069446,1147210,0.4292680509,0.4001699776,24.4,63720,0.8418,36.1596595,1570.82,82643,19.00729644,FALSE
40,Illinois,2010,3792770,8798829,9735944,0.4310539505,0.3895636622,30.8,68700,0.6372,37.16978558,12840.55,55519,231.2820836,FALSE
41,Indiana,2010,1791832,4697111,4896656,0.3814753366,0.3659297284,22.7,62490,0.8167,37.40188892,6490.56,35826,181.1689834,FALSE
42,Iowa,2010,1133429,2234516,2328262,0.5072369139,0.4868133397,24.9,66380,0.8876,38.3818262,3050.82,55857,54.61840056,FALSE
256,Kansas,2010,857658,2011497,2137815,0.4263779663,0.4011843869,29.8,62370,0.7829,37.07620427,2858.27,81759,34.95969863,FALSE
43,Kentucky,2010,1417995,3198093,3332204,0.4433876688,0.4255426739,20.5,55670,0.8684,38.1110266,4348.46,39486,110.1266272,FALSE
268,Louisiana,2010,1298649,3249524,3438247,0.39964284,0.3777067209,21.4,53220,0.607,36.83971912,4544.64,43204,105.1902602,FALSE
44,Maine,2010,580584,1038201,1055605,0.5592211913,0.5500011842,26.8,64910,0.9463,40.87773129,1327.65,30843,43.0454236,FALSE
532,Maryland,2010,1868179,4001034,4449617,0.4669240501,0.4198516412,36.1,86950,0.5476,37.72973213,5788.78,9707,596.3510868,FALSE
45,Massachusetts,2010,2319963,4693670,5152976,0.4942748425,0.4502180876,39,82520,0.7639,38.83567726,6566.44,7800,841.8512821,FALSE
46,Michigan,2010,3268217,7245281,7555742,0.4510821595,0.4325474586,25.2,62670,0.7674,38.34704274,9877.6,56539,174.7041865,FALSE
47,Minnesota,2010,2123369,3802677,4041199,0.5583879462,0.5254304477,31.8,70860,0.8322,37.608,5310.93,79627,66.69760257,FALSE
247,Mississippi,2010,,2129334,2220094,,,19.5,51680,0.5835,36.99382673,2970.62,46923,63.30839887,FALSE
48,Missouri,2010,1997271,4366435,4581260,0.4574145728,0.4359654331,25.6,62050,0.8123,38.1355567,5996.09,68742,87.22600448,FALSE
49,Montana,2010,367096,758653,770601,0.4838786639,0.476376231,28.8,55910,0.88,39.33703781,990.73,145546,6.806988856,FALSE
50,Nebraska,2010,503514,1301483,1375023,0.386877124,0.3661858747,28.6,71110,0.8236,37.32512705,1829.59,76824,23.81534416,FALSE
51,Nevada,2010,723515,1747288,2046400,0.4140788468,0.3535550235,21.7,69340,0.5394,37.04906683,2702.48,109781,24.61701023,FALSE
52,New Hampshire,2010,461423,999918,1033023,0.4614608398,0.4466725329,32.8,90240,0.9212,39.54976489,1316.81,8953,147.0803083,FALSE
597,New Jersey,2010,2200974,5834037,6750869,0.3772643197,0.3260282491,35.4,85280,0.5938,38.30341979,8799.45,7354,1196.552896,FALSE
53,New Mexico,2010,630013,1408872,1552212,0.4471754709,0.4058807689,25,61120,0.4053,37.46833499,2064.61,121298,17.02097314,FALSE
510,New York,2010,4763899,13135048,15111583,0.3626860747,0.3152481775,32.5,67420,0.5821,38.2695281,19399.96,47126,411.6615032,FALSE
269,North Carolina,2010,2700706,6785463,7310093,0.398013518,0.3694489249,26.5,59360,0.6539,37.75179362,9574.59,48618,196.9350858,FALSE
54,North Dakota,2010,241039,516974,527497,0.4662497534,0.4569485703,27.6,69080,0.8926,38.15713844,674.752,69001,9.77887277,FALSE
55,Ohio,2010,3956028,8571952,8826908,0.4615084172,0.4481782296,24.6,62140,0.8133,38.45379245,11539.45,40861,282.4074301,FALSE
270,Oklahoma,2010,1043507,2666767,2839030,0.3913004023,0.3675575813,22.9,58370,0.6879,37.30925595,3760.01,68595,54.81463664,FALSE
56,Oregon,2010,1487210,2760607,2984806,0.5387257223,0.4982601884,28.8,68530,0.7849,38.71339001,3837.61,95988,39.98010168,FALSE
57,Pennsylvania,2010,4055336,9565822,9946290,0.4239401486,0.4077234828,27.1,65430,0.7976,39.50424201,12711.41,44743,284.0982947,FALSE
58,Rhode Island,2010,346357,763534,829913,0.4536235453,0.4173413358,30.2,69910,0.7642,39.14704717,1053.99,1034,1019.332689,FALSE
59,South Carolina,2010,1365480,3388417,3571250,0.4029846385,0.3823535177,24.5,56470,0.6441,38.26471574,4635.85,30061,154.2147633,FALSE
60,South Dakota,2010,323410,599507,616113,0.5394599229,0.5249199416,26.3,61420,0.8504,37.68602287,816.193,75811,10.76615531,FALSE
61,Tennessee,2010,1620542,4622919,4878724,0.3505451858,0.3321651317,23.1,52260,0.758,38.16855258,6355.52,41235,154.1292591,FALSE
62,Texas,2010,5066957,15514007,18487369,0.3266053058,0.2740766953,25.9,64010,0.4518,35.04554514,25241.9,261232,96.62637043,FALSE
533,Utah,2010,653274,1772934,1914974,0.3684705691,0.3411398797,29.3,76790,0.8041,32.3442972,2775.41,82170,33.77643909,FALSE
63,Vermont,2010,243617,488942,498254,0.4982533716,0.4889413833,33.6,75740,0.945,40.34962469,625.886,9217,67.9056092,FALSE
64,Virginia,2010,2214505,5660589,6194717,0.3912145892,0.3574828358,34.2,81750,0.6492,37.76888029,8024,39490,203.1906812,FALSE
257,Washington,2010,2565589,4724350,5190736,0.5430565051,0.4942630486,31.1,76060,0.7266,37.69333475,6743.01,66456,101.4657819,FALSE
534,West Virginia,2010,536493,1442003,1468812,0.3720470762,0.3652564113,17.5,57930,0.9356,40.50038911,1854.27,24038,77.13911307,FALSE
65,Wisconsin,2010,2185021,4172130,4365214,0.5237183405,0.5005530084,26.3,68190,0.8353,38.24393682,5690.54,54158,105.0729347,FALSE
66,Wyoming,2010,190822,414536,430673,0.4603267267,0.4430786235,24.1,70700,0.8608,37.39405543,564.531,97093,5.81433265,FALSE
595,Alabama,2012,,3539217,3707440,,,23.3,56010,0.6699,38.43136712,4816.63,50645,95.10573601,TRUE
67,Alaska,2012,301694,511792,543763,0.5894855723,0.5548262754,28,82020,0.6319,35.46530728,730.81,570641,1.280682601,TRUE
68,Arizona,2012,2323579,4387900,4959270,0.5295423779,0.4685324655,27.3,60620,0.5717,37.9342812,6556.34,113594,57.71730901,TRUE
608,Arkansas,2012,1078548,2109847,2242740,0.5111972574,0.4809063913,21,50280,0.7421,38.33574575,2952.88,52035,56.74795811,TRUE
258,California,2012,13202158,23681837,28913129,0.5574803171,0.4566146404,30.9,73480,0.3917,36.7991564,37944.55,155779,243.5793656,TRUE
591,Colorado,2012,2596173,3675871,3981208,0.7062742409,0.652106848,37.5,73780,0.6971,37.22103094,5193.66,103642,50.11153779,TRUE
69,Connecticut,2012,1560640,2543202,2801375,0.6136516093,0.5570978537,37.1,82790,0.7016,39.33239445,3595.21,4842,742.5051632,TRUE
535,Delaware,2012,,663967,715708,,,29.5,63110,0.6451,39.24245495,915.518,1949,469.7373012,TRUE
70,District of Columbia,2012,294254,477582,528848,0.6161329363,0.5564056213,53,84080,0.3483,37.64580537,635.737,61,10421.91803,TRUE
71,Florida,2012,8538264,13495057,15380947,0.6326956603,0.5551195255,26.8,59370,0.5688,40.76741414,19302.02,53625,359.9444289,TRUE
72,Georgia,2012,3919355,6606607,7452696,0.5932477897,0.5258976081,28.2,62010,0.5533,36.54673267,9903.58,57513,172.1972424,TRUE
73,Hawaii,2012,437159,982902,1088335,0.4447635675,0.4016768734,30.1,72500,0.2171,39.29782756,1395.2,6423,217.2193679,TRUE
74,Idaho,2012,666290,1091410,1173727,0.6104855187,0.5676703356,25.5,61750,0.8355,36.772928,1595.91,82643,19.31089142,TRUE
259,Illinois,2012,5279752,8899143,9827043,0.5932876907,0.5372676196,31.6,66670,0.6298,37.64084692,12883.03,55519,232.0472271,TRUE
75,Indiana,2012,2663368,4755291,4960376,0.5600851767,0.5369286522,23.4,59480,0.8112,37.78167792,6538.99,35826,182.520795,TRUE
76,Iowa,2012,1589951,2251748,2356209,0.7060963305,0.674792007,26.3,68870,0.8812,38.5781922,3076.84,55857,55.08423295,TRUE
77,Kansas,2012,1182771,2030686,2162442,0.5824489852,0.5469607971,30.4,64440,0.7775,37.29657399,2886.02,81759,35.2991108,TRUE
78,Kentucky,2012,1815843,3229185,3368684,0.5623223817,0.5390363121,21.8,52940,0.8628,38.49965762,4387.87,39486,111.1247024,TRUE
271,Louisiana,2012,2014548,3311626,3495847,0.6083259402,0.5762689271,22,50370,0.601,37.26062374,4602.07,43204,106.5195352,TRUE
79,Maine,2012,724758,1046008,1064779,0.692879978,0.6806651897,28,63350,0.9424,41.46990562,1328.09,30843,43.05968939,TRUE
536,Maryland,2012,2734062,4063582,4553853,0.6728206789,0.6003843339,36.9,92570,0.539,38.12167334,5888.38,9707,606.6117235,TRUE
80,Massachusetts,2012,3184196,4809675,5263550,0.6620397428,0.6049521711,39.3,82030,0.7535,39.26287711,6664.27,7800,854.3935897,TRUE
81,Michigan,2012,4780701,7312725,7625576,0.6537509615,0.6269298214,26,64450,0.7644,38.89754951,9898.29,56539,175.0701286,TRUE
82,Minnesota,2012,2950780,3861598,4114820,0.7641344335,0.7171103475,33.2,79630,0.8243,38.01906284,5377.5,79627,67.53362553,TRUE
272,Mississippi,2012,,2166825,2246931,,,20.7,47220,0.5787,37.19993066,2984.6,46923,63.60633378,TRUE
83,Missouri,2012,,4432957,4628500,,,26.4,64130,0.8091,38.53879532,6026.03,68742,87.66154607,TRUE
84,Montana,2012,491966,774476,785454,0.6352243323,0.6263460368,29.4,58100,0.8723,39.9135588,1004.17,145546,6.899330796,TRUE
85,Nebraska,2012,804245,1316915,1396507,0.610703804,0.5758975787,29,67260,0.8151,37.53172525,1853.69,76824,24.12904821,TRUE
86,Nevada,2012,1016664,1800969,2105976,0.5645094391,0.4827519402,22.4,61000,0.5293,37.65889557,2744.67,109781,25.00132081,TRUE
87,New Hampshire,2012,718700,1013420,1047978,0.7091827673,0.6857968392,34.6,87390,0.9187,40.25912038,1324.68,8953,147.9593432,TRUE
88,New Jersey,2012,3683638,5918182,6847503,0.6224272927,0.53795347,36.2,85940,0.5808,38.69683956,8845.67,7354,1202.837911,TRUE
89,New Mexico,2012,786522,1436363,1573400,0.5475788502,0.4998868692,26.1,55960,0.3983,37.77829541,2087.72,121298,17.21149566,TRUE
537,New York,2012,7128852,13324107,15344671,0.5350341302,0.4645816127,33.4,61440,0.5737,38.62397782,19574.36,47126,415.3622204,TRUE
90,North Carolina,2012,4542488,6947954,7496980,0.6537878633,0.605909046,27.4,53550,0.647,38.20794135,9751.81,48618,200.5802378,TRUE
91,North Dakota,2012,325564,539164,549955,0.6038311163,0.5919829804,27.9,71860,0.8836,38.16058937,702.227,69001,10.1770554,TRUE
92,Ohio,2012,5632423,8649495,8896930,0.6511851848,0.6330748921,25.2,57180,0.8086,38.88783739,11550.97,40861,282.6893615,TRUE
93,Oklahoma,2012,,2713268,2885093,,,23.8,62380,0.6805,37.62775444,3819.32,68595,55.67927692,TRUE
94,Oregon,2012,1820507,2836101,3050747,0.6419048546,0.5967413883,29.9,66720,0.7778,39.26127304,3900.1,95988,40.63112056,TRUE
260,Pennsylvania,2012,,9651432,10037099,,,27.8,66890,0.7905,39.8843095,12769.12,44743,285.3881054,TRUE
95,Rhode Island,2012,,768918,834983,,,31.4,72250,0.7532,39.54648279,1054.89,1034,1020.203095,TRUE
96,South Carolina,2012,1981516,3486838,3662322,0.568284503,0.541054555,25.1,57220,0.6429,38.75095752,4719.03,30061,156.9818037,TRUE
506,South Dakota,2012,368270,613190,631472,0.6005805705,0.5831929207,26.3,63680,0.8403,37.97288856,833.859,75811,10.99918218,TRUE
97,Tennessee,2012,2479733,4736084,4976284,0.5235829854,0.4983101849,24.3,55400,0.7532,38.54299551,6455.75,41235,156.5599612,TRUE
98,Texas,2012,,16119973,19185395,,,26.7,66910,0.4438,35.43487116,26084.12,261232,99.85040118,TRUE
99,Utah,2012,1028786,1833339,1978956,0.5611542655,0.5198629985,30.7,75180,0.7995,32.86008495,2854.15,82170,34.73469636,TRUE
261,Vermont,2012,301793,493355,502242,0.6117157017,0.6008916021,35.8,71620,0.9433,41.04627934,626.361,9217,67.95714441,TRUE
100,Virginia,2012,3888186,5834676,6348827,0.6663927868,0.6124258859,35.5,83290,0.6417,38.14099549,8187.46,39490,207.329957,TRUE
516,Washington,2012,3172939,4822060,5329782,0.6580048776,0.5953224729,31.7,80140,0.7169,38.17965513,6898.6,66456,103.8070302,TRUE
101,West Virginia,2012,,1447066,1472642,,,18.6,56120,0.9328,40.80863581,1857.45,24038,77.27140361,TRUE
102,Wisconsin,2012,3084115,4209370,4417273,0.7326785243,0.6981943385,27.1,68400,0.8309,38.74766892,5720.83,54158,105.6322242,TRUE
103,Wyoming,2012,250701,425142,441726,0.5896876808,0.5675486614,24.7,74110,0.8481,37.97620751,576.656,97093,5.93921292,TRUE
273,Alabama,2014,1191274,3588783,3738721,0.3319437258,0.318631425,23.5,53070,0.6638,39.01493392,4843.74,50645,95.6410307,FALSE
104,Alaska,2014,285431,520562,550837,0.5483131692,0.5181768835,28,84900,0.6195,35.5782621,737.075,570641,1.291661482,FALSE
105,Arizona,2014,1537671,4510186,5119512,0.340932946,0.3003549948,27.6,61830,0.5639,38.50298954,6732.87,113594,59.27135236,FALSE
106,Arkansas,2014,852642,2117881,2262057,0.4025920248,0.3769321463,21.4,56390,0.736,38.618125,2968.76,52035,57.05313731,FALSE
107,California,2014,7513972,24440416,29677092,0.3074404298,0.2531909798,31.7,75930,0.3827,37.36118015,38586.71,155779,247.7016158,FALSE
538,Colorado,2014,2080071,3800664,4127123,0.5472914733,0.5040002442,38.3,76500,0.6901,37.68098524,5352.64,103642,51.64547191,FALSE
108,Connecticut,2014,1096556,2577311,2828562,0.4254651456,0.3876726054,38,88080,0.6879,39.80191932,3595.7,4842,742.606361,FALSE
109,Delaware,2014,238110,681526,733971,0.34937772,0.3244133624,30.6,72210,0.6389,39.74616149,933.131,1949,478.7742432,FALSE
110,District of Columbia,2014,177176,495899,548623,0.3572824305,0.322946723,55,85710,0.3536,37.71499599,663.603,61,10878.7377,FALSE
111,Florida,2014,6026802,13914216,15945404,0.4331398909,0.3779648355,27.3,57920,0.5566,41.23519513,19853.88,53625,370.2355245,FALSE
112,Georgia,2014,2596947,6725041,7629263,0.3861607684,0.3403929056,29.1,62210,0.5448,37.03651625,10071.2,57513,175.1117139,FALSE
113,Hawaii,2014,369554,1012123,1112282,0.3651275586,0.3322484766,31,89410,0.2165,39.7405237,1415.34,6423,220.3549743,FALSE
114,Idaho,2014,445307,1119882,1205335,0.3976374297,0.3694466684,25,67080,0.8287,37.32824618,1632.25,82643,19.75061409,FALSE
115,Illinois,2014,3680417,9028752,9895610,0.4076329708,0.3719242169,32.8,68940,0.6233,38.15834487,12885.09,55519,232.0843315,FALSE
116,Indiana,2014,1387622,4829510,5018794,0.2873214881,0.2764851476,24.7,60330,0.8045,38.19728498,6596.02,35826,184.1126556,FALSE
117,Iowa,2014,1142284,2269179,2381863,0.503390874,0.4795758614,27.7,72570,0.873,38.93717731,3110.64,55857,55.68934959,FALSE
118,Kansas,2014,887023,2048164,2180860,0.4330820188,0.406730831,31.5,67090,0.7699,37.59298395,2901.86,81759,35.49285094,FALSE
511,Kentucky,2014,1459409,3247300,3400898,0.4494222893,0.4291246018,22.2,53710,0.8576,38.92194528,4416.99,39486,111.862179,FALSE
119,Louisiana,2014,1503975,3349433,3541411,0.4490237601,0.4246824218,22.9,53230,0.5959,37.63295996,4645.94,43204,107.5349505,FALSE
120,Maine,2014,616996,1051557,1070535,0.5867451788,0.5763436039,29.4,64910,0.9381,42.15025506,1331.22,30843,43.16117109,FALSE
539,Maryland,2014,1745104,4154546,4631815,0.4200468595,0.376764616,38.2,95610,0.5247,38.52836252,5960.06,9707,613.9960853,FALSE
121,Massachusetts,2014,2186789,4896296,5381878,0.4466210785,0.4063245209,41.2,79280,0.7396,39.61682932,6764.86,7800,867.2897436,FALSE
122,Michigan,2014,3188956,7383958,7696494,0.4318762376,0.4143387885,27.4,65280,0.76,39.37364578,9932.03,56539,175.6668848,FALSE
123,Minnesota,2014,1992613,3935121,4179744,0.5063663862,0.4767308716,34.3,84410,0.8147,38.41043824,5452.67,79627,68.47765205,FALSE
540,Mississippi,2014,,2181131,2258047,,,21.1,44590,0.5764,37.92372177,2991.89,46923,63.76169469,FALSE
512,Missouri,2014,1509025,4493722,4670553,0.3358073775,0.3230934324,27.5,71090,0.8015,38.91816292,6059.13,68742,88.14305665,FALSE
124,Montana,2014,373831,787748,797527,0.4745565841,0.4687377355,29.3,64150,0.8698,40.08362685,1022.66,145546,7.02636967,FALSE
125,Nebraska,2014,552115,1334453,1416500,0.4137388128,0.3897740911,29.5,71390,0.8061,37.740034,1879.96,76824,24.47099865,FALSE
126,Nevada,2014,552546,1867644,2184884,0.2958518861,0.2528948905,23.1,62610,0.5137,38.25579565,2818.94,109781,25.67784954,FALSE
127,New Hampshire,2014,495565,1025862,1063539,0.4830717972,0.4659584651,35,92140,0.9132,40.68332686,1334.26,8953,149.0293756,FALSE
609,New Jersey,2014,1955042,6014127,6940888,0.3250749444,0.2816702992,37.4,81900,0.5675,39.04709806,8867.28,7354,1205.776448,FALSE
128,New Mexico,2014,,1449503,1582259,,,26.4,58610,0.387,38.36578779,2090.24,121298,17.23227094,FALSE
541,New York,2014,3930310,13553426,15569463,0.289986458,0.2524370943,34.5,68180,0.5639,39.00690036,19653.43,47126,417.0400628,FALSE
129,North Carolina,2014,2939767,7143737,7689105,0.4115166894,0.3823288926,28.7,58730,0.6414,38.69052933,9937.3,48618,204.3954914,FALSE
248,North Dakota,2014,255128,567221,573831,0.4497858859,0.4446047704,27.4,76240,0.8699,37.77936194,738.736,69001,10.70616368,FALSE
130,Ohio,2014,3149876,8701243,8961449,0.362002992,0.3514918179,26.6,62320,0.8026,39.25491779,11606.57,40861,284.0500722,FALSE
131,Oklahoma,2014,825607,2755091,2928877,0.2996659638,0.2818851731,24.2,59250,0.6716,37.82098947,3879.19,68595,56.55208106,FALSE
132,Oregon,2014,1541782,2887517,3118999,0.5339473326,0.4943194916,30.8,73910,0.7704,39.83589572,3965.45,95988,41.31193483,FALSE
522,Pennsylvania,2014,3535576,9689491,10092331,0.3648876912,0.3503230324,29,69260,0.781,40.29923189,12792.39,44743,285.9081868,FALSE
133,Rhode Island,2014,329212,776286,843570,0.4240859683,0.3902604407,30.4,73600,0.7414,39.98865542,1056.51,1034,1021.769826,FALSE
134,South Carolina,2014,1261611,3584461,3761320,0.3519667253,0.3354170876,26.3,56400,0.6408,39.35812849,4826.86,30061,160.5688434,FALSE
288,South Dakota,2014,282291,630989,640622,0.4473786389,0.4406514294,27.8,66600,0.8355,38.12658228,849.67,75811,11.2077403,FALSE
135,Tennessee,2014,1430117,4799476,5061583,0.2979735704,0.2825434256,25.3,54880,0.7477,38.88763569,6544.62,41235,158.7151692,FALSE
136,Texas,2014,,16675420,19958733,,,27.8,67630,0.4345,35.81187667,26963.09,261232,103.2151115,FALSE
557,Utah,2014,577973,1905801,2048506,0.3032703834,0.2821436696,31.1,79570,0.7941,33.29680476,2938.33,82170,35.75915784,FALSE
137,Vermont,2014,202445,495884,504186,0.4082507199,0.4015284042,34.9,76210,0.9343,41.51416667,625.693,9217,67.88466963,FALSE
138,Virginia,2014,2194346,5962456,6467462,0.3680272022,0.3392901265,36.7,83050,0.631,38.47897827,8315.43,39490,210.5705242,FALSE
600,Washington,2014,2124330,4928407,5479396,0.4310378587,0.3876941911,33.1,74150,0.7034,38.55189035,7057.53,66456,106.1985374,FALSE
139,West Virginia,2014,462864,1447652,1465232,0.3197343008,0.3158980967,19.2,49650,0.9294,41.1970864,1850.57,24038,76.98519012,FALSE
140,Wisconsin,2014,2422248,4260427,4454970,0.5685458289,0.5437181395,28.4,72910,0.8242,39.2034228,5753.2,54158,106.2299199,FALSE
141,Wyoming,2014,171153,431434,445626,0.39670726,0.3840731914,26.6,69910,0.8429,38.20650836,583.159,97093,6.006189942,FALSE
507,Alabama,2016,2134061,3609447,3770142,0.5912432015,0.5660426053,24.7,58800,0.66,39.38417792,4866.82,50645,96.0967519,TRUE
274,Alaska,2016,321271,522679,555367,0.614662154,0.5784841375,29.6,94290,0.6144,35.82459085,742.575,570641,1.301299766,TRUE
142,Arizona,2016,2661497,4740310,5331034,0.5614605374,0.4992459249,28.9,71100,0.5554,39.06476948,6944.77,113594,61.13676779,TRUE
143,Arkansas,2016,1137772,2140097,2286625,0.5316450609,0.4975769967,22.4,57170,0.7304,38.93496581,2991.82,52035,57.49630057,TRUE
144,California,2016,14610509,25104844,30201571,0.5819796769,0.4837665233,32.9,82980,0.3751,37.86048998,39149.19,155779,251.312372,TRUE
542,Colorado,2016,2859216,3974405,4305728,0.7194073075,0.6640493779,39.9,87870,0.6871,38.12443267,5543.84,103642,53.49028386,TRUE
145,Connecticut,2016,1675955,2582761,2821935,0.6489005371,0.5939027653,38.6,94540,0.6759,40.20775735,3579.83,4842,739.3287898,TRUE
146,Delaware,2016,445228,691720,749872,0.6436535014,0.5937386647,31,72280,0.6295,40.54603484,949.989,1949,487.4238071,TRUE
147,District of Columbia,2016,312575,515248,562329,0.6066496134,0.5558578697,56.8,88390,0.3592,37.76412166,687.576,61,11271.7377,TRUE
148,Florida,2016,9580489,14601066,16565588,0.6561499688,0.5783367907,28.6,63730,0.5469,41.6794579,20627.24,53625,384.6571562,TRUE
275,Georgia,2016,4165405,6959963,7828207,0.5984809115,0.532102051,30.5,66650,0.5339,37.53822618,10308.44,57513,179.2366943,TRUE
149,Hawaii,2016,437664,1012860,1120465,0.4321071027,0.390609256,31.9,89820,0.211,40.20753334,1428.89,6423,222.4645804,TRUE
543,Idaho,2016,710545,1166706,1253925,0.6090180388,0.566656698,27.6,70440,0.8254,37.79535954,1684.04,82643,20.37728543,TRUE
150,Illinois,2016,5666118,8985443,9866799,0.6305886087,0.5742610141,34,76440,0.618,38.6511304,12821.71,55519,230.9427403,TRUE
151,Indiana,2016,2807676,4849937,5063393,0.5789097879,0.5545048547,25.6,69850,0.7975,38.50530211,6637.9,35826,185.281639,TRUE
276,Iowa,2016,1581371,2288536,2406915,0.690996777,0.6570115688,28.4,73590,0.8657,39.28900475,3133.21,55857,56.09341712,TRUE
152,Kansas,2016,1225667,2054025,2192423,0.596714743,0.5590467715,32.8,70740,0.7648,38.01022364,2912.98,81759,35.62886043,TRUE
508,Kentucky,2016,1955195,3282420,3430652,0.5956565583,0.5699193623,23.4,56500,0.8518,39.23017002,4440.31,39486,112.4527681,TRUE
153,Louisiana,2016,2049531,3384435,3571652,0.6055755244,0.573832781,23.4,52540,0.5936,38.10762609,4681.35,43204,108.3545505,TRUE
154,Maine,2016,771892,1058372,1078037,0.7293201256,0.7160162406,30.1,63330,0.9356,42.58123358,1332.35,30843,43.19780825,TRUE
155,Maryland,2016,2807322,4189616,4670900,0.67006666,0.6010237856,39.3,91850,0.514,38.99882182,6007.01,9707,618.8328011,TRUE
156,Massachusetts,2016,3378801,4948028,5442458,0.6828581002,0.6208226136,42.7,89990,0.7262,40.02226585,6827.28,7800,875.2923077,TRUE
249,Michigan,2016,4874619,7420628,7744567,0.656901141,0.6294243435,28.3,71090,0.7562,39.78928148,9954.12,56539,176.0575886,TRUE
544,Minnesota,2016,2968281,3973204,4240423,0.7470749048,0.699996439,34.8,87440,0.8071,38.85668193,5525.36,79627,69.39053336,TRUE
517,Mississippi,2016,,2191241,2268089,,,21.8,51180,0.5718,38.24836352,2990.6,46923,63.73420284,TRUE
157,Missouri,2016,2811549,4517925,4710784,0.6223097993,0.5968325018,28.5,68510,0.7983,39.27648355,6091.38,68742,88.61220215,TRUE
250,Montana,2016,516901,804250,817702,0.6427118433,0.6321386031,31,71070,0.8661,40.53620333,1042.14,145546,7.160210518,TRUE
545,Nebraska,2016,860573,1343821,1436437,0.640392582,0.5991025015,31.4,73930,0.7996,38.12585366,1906.48,76824,24.81620327,TRUE
158,Nevada,2016,1125429,1961587,2276281,0.5737339205,0.4944156719,23.5,69020,0.4986,38.75325215,2919.56,109781,26.59440158,TRUE
277,New Hampshire,2016,755850,1042795,1076739,0.7248308632,0.7019807028,36.6,94960,0.9106,41.36126384,1343.69,8953,150.0826539,TRUE
159,New Jersey,2016,3957303,6013656,6959892,0.6580527719,0.5685868401,38.6,85260,0.5573,39.43854063,8873.58,7354,1206.633125,TRUE
278,New Mexico,2016,804043,1464515,1591069,0.5490165686,0.5053476625,27.2,60330,0.3792,39.13087612,2092.56,121298,17.25139738,TRUE
160,New York,2016,7786881,13604645,15557982,0.57236929,0.5005071352,35.7,76500,0.5558,39.4222043,19636.39,47126,416.678479,TRUE
279,North Carolina,2016,4769640,7352501,7880013,0.6487098744,0.6052832654,30.4,66950,0.6364,39.17347074,10161.8,48618,209.0131227,TRUE
592,North Dakota,2016,349945,566783,581188,0.6174232466,0.6021201401,29.6,74940,0.8537,38.04408321,756.114,69001,10.9580151,TRUE
161,Ohio,2016,5607641,8736808,9007953,0.6418409332,0.6225211211,27.5,67220,0.7958,39.64256519,11640.06,40861,284.8696801,TRUE
546,Oklahoma,2016,,2778219,2965905,,,25.2,63440,0.6631,37.98734477,3928.14,68595,57.26568992,TRUE
162,Oregon,2016,2056310,3024174,3244277,0.6799575686,0.6338268896,32.7,73640,0.7633,40.1573795,4093.27,95988,42.64355961,TRUE
163,Pennsylvania,2016,,9691160,10108486,,,30.8,75930,0.7727,40.64443941,12788.47,44743,285.8205753,TRUE
593,Rhode Island,2016,469589,786012,848975,0.5974323547,0.5531246503,34.1,76620,0.7275,40.39165598,1057.82,1034,1023.03675,TRUE
547,South Carolina,2016,2123584,3709283,3883145,0.5725052524,0.5468721874,27.2,67660,0.64,39.84269452,4963.03,30061,165.0986328,TRUE
280,South Dakota,2016,378995,631173,653841,0.6004613632,0.5796439807,28.9,71540,0.8274,38.43000718,863.693,75811,11.39271346,TRUE
164,Tennessee,2016,2545271,4909426,5164969,0.5184457409,0.4927950197,26.1,63940,0.7443,39.27898635,6651.28,41235,161.3018067,TRUE
165,Texas,2016,8975000,17448910,20671564,0.5143587766,0.434171309,28.9,72410,0.4252,36.0891704,27914.06,261232,106.8554388,TRUE
166,Utah,2016,1152369,1991885,2144784,0.5785318932,0.5372890697,32.6,84030,0.7875,33.60680826,3044.24,82170,37.04807107,TRUE
262,Vermont,2016,320467,494871,506048,0.6475768433,0.6332739187,36.4,75760,0.935,42.08122081,624.366,9217,67.74069654,TRUE
167,Virginia,2016,,6027152,6551390,,,38.1,82750,0.6232,39.03450111,8417.65,39490,213.1590276,TRUE
281,Washington,2016,3363440,5123020,5691833,0.6565346222,0.5909238729,35.1,87550,0.6947,38.97219298,7299.96,66456,109.846515,TRUE
168,West Virginia,2016,,1423031,1453201,,,20.8,55230,0.9244,41.52651962,1832.44,24038,76.23096763,TRUE
169,Wisconsin,2016,,4285071,4495783,,,29.5,74490,0.819,39.72854018,5775.17,54158,106.6355848,TRUE
170,Wyoming,2016,258788,429682,446396,0.6022779637,0.5797274169,27.1,72010,0.8473,38.57850369,585.243,97093,6.027653899,TRUE
282,Alabama,2018,1721906,3666511,3820544,0.4696306652,0.45069655,25.5,59900,0.6556,39.8341329,4891.63,50645,96.58663244,FALSE
171,Alaska,2018,285009,519913,551451,0.5481859465,0.516834678,30.2,82450,0.6009,36.91270625,736.624,570641,1.290871143,FALSE
172,Arizona,2018,2409910,5082126,5678479,0.4741932805,0.4243935744,29.7,74710,0.5447,39.49067002,7164.23,113594,63.06873602,FALSE
173,Arkansas,2018,898793,2176226,2321029,0.4130053588,0.387239022,23.3,59720,0.7224,39.21346661,3012.16,52035,57.88719131,FALSE
174,California,2018,12712542,25782389,30659000,0.4930707546,0.4146430738,34.2,84560,0.3667,38.30271848,39437.46,155779,253.1628782,FALSE
289,Colorado,2018,2583580,4210816,4523289,0.6135580372,0.5711728788,41.7,87610,0.6795,38.48523906,5697.16,103642,54.96960692,FALSE
518,Connecticut,2018,1421953,2597134,2838275,0.5475085229,0.5009919758,39.6,87340,0.663,40.73969362,3574.56,4842,738.2403965,FALSE
175,Delaware,2018,365467,713781,772850,0.5120155902,0.4728821893,31.3,77990,0.6213,41.29956276,966.985,1949,496.1441765,FALSE
176,District of Columbia,2018,231482,529560,578702,0.4371213838,0.4000020736,60.4,102900,0.3666,37.86884264,704.147,61,11543.39344,FALSE
177,Florida,2018,8318824,15333067,17321691,0.5425414237,0.480254728,30.4,65550,0.5326,42.03865474,21254.93,53625,396.362331,FALSE
178,Georgia,2018,3949905,7303056,8148933,0.5408564579,0.4847143792,31.9,66960,0.5246,37.96626782,10519.39,57513,182.9045607,FALSE
179,Hawaii,2018,398657,1009561,1115620,0.3948815376,0.3573412094,33.5,96100,0.2056,40.87223206,1423.1,6423,221.5631325,FALSE
180,Idaho,2018,612536,1260630,1350319,0.4858967342,0.4536231809,27.7,70450,0.8185,38.20167481,1752.07,82643,21.20046465,FALSE
181,Illinois,2018,4635541,8999121,9848647,0.5151104202,0.470677952,35.1,84140,0.6101,39.15013989,12724.69,55519,229.1952305,FALSE
182,Indiana,2018,2308258,4960307,5176820,0.4653457941,0.4458833801,27.1,71850,0.7895,38.92363306,6698.48,35826,186.9725897,FALSE
183,Iowa,2018,1334279,2303627,2431107,0.5792079186,0.5488359829,29,82430,0.8554,39.43709108,3149.9,55857,56.39221584,FALSE
184,Kansas,2018,1060000,2076345,2215608,0.510512463,0.4784239811,33.8,76700,0.7595,38.52183181,2912.75,81759,35.62604729,FALSE
185,Kentucky,2018,1612353,3310636,3468416,0.4870221311,0.4648672478,24.8,65440,0.8481,39.64708469,4464.27,39486,113.0595654,FALSE
290,Louisiana,2018,1519405,3367670,3560271,0.4511739571,0.4267666703,24.3,59950,0.5882,38.60440776,4664.45,43204,107.963383,FALSE
186,Maine,2018,646013,1078321,1097650,0.5990915507,0.5885418849,31.5,70370,0.9338,43.43416699,1340.12,30843,43.44972927,FALSE
548,Maryland,2018,2335128,4311082,4715595,0.5416570596,0.4951926533,40.8,103400,0.5031,39.49466853,6042.15,9707,622.4528691,FALSE
187,Massachusetts,2018,2752665,5037366,5546390,0.5464492753,0.4962984933,44.5,103600,0.7083,40.46632832,6885.72,7800,882.7846154,FALSE
263,Michigan,2018,4341340,7519962,7849909,0.5773087683,0.5530433538,29.6,72510,0.75,40.21064483,9987.29,56539,176.6442633,FALSE
188,Minnesota,2018,2611365,4070605,4347041,0.6415176614,0.6007224224,36.7,86150,0.7962,39.17948625,5608.76,79627,70.43791679,FALSE
189,Mississippi,2018,961025,2193563,2278027,0.4381114196,0.4218672562,23.2,51320,0.5674,38.78523303,2982.88,46923,63.56967798,FALSE
190,Missouri,2018,2442306,4583152,4773831,0.5328878466,0.5116029453,29.5,74050,0.7952,39.7918443,6125.99,68742,89.11567892,FALSE
191,Montana,2018,509213,830480,843058,0.6131550429,0.604007079,31.7,69190,0.8609,41.23713733,1061.82,145546,7.295425501,FALSE
192,Nebraska,2018,706652,1372894,1461220,0.5147170867,0.4836041116,32.4,81060,0.7866,38.42543742,1925.51,76824,25.06391232,FALSE
193,Nevada,2018,975980,2099842,2403374,0.4647873507,0.4060874421,24.9,74210,0.4852,39.22987196,3030.73,109781,27.60705404,FALSE
194,New Hampshire,2018,580568,1075753,1107322,0.5396852251,0.524299165,36.8,97580,0.9017,41.98641532,1355.06,8953,151.3526192,FALSE
251,New Jersey,2018,3248642,6074050,6945711,0.5348395222,0.4677191435,40.8,88980,0.5473,39.90444875,8891.73,7354,1209.101169,FALSE
549,New Mexico,2018,701654,1498900,1624253,0.4681126159,0.4319856574,27.7,57920,0.369,39.68166039,2093.75,121298,17.26120793,FALSE
283,New York,2018,6230959,13620990,15412110,0.4574527255,0.4042898085,37.2,80700,0.5526,40.01774737,19544.1,47126,414.720112,FALSE
195,North Carolina,2018,3755778,7663854,8222687,0.4900638765,0.4567579916,31.9,64020,0.6286,39.66235913,10391.36,48618,213.7348307,FALSE
252,North Dakota,2018,330598,562854,582571,0.5873601325,0.5674810452,29.7,79780,0.8391,38.28880372,760.062,69001,11.01523166,FALSE
196,Ohio,2018,4496834,8832187,9119467,0.5091416203,0.4931027219,29,73930,0.7879,40.00708883,11680.89,40861,285.8689215,FALSE
197,Oklahoma,2018,1190000,2828577,3011498,0.420706242,0.3951521801,25.6,65300,0.6531,38.40203349,3943.49,68595,57.48946716,FALSE
198,Oregon,2018,1914923,3126630,3364847,0.612455903,0.5690966038,34,82970,0.7521,40.54529532,4183.54,95988,43.58398967,FALSE
550,Pennsylvania,2018,5043029,9745275,10172074,0.5174845246,0.4957719537,31.8,77400,0.7626,41.02734075,12809.11,44743,286.2818765,FALSE
199,Rhode Island,2018,381267,802033,855526,0.4753757015,0.4456521485,34.4,74690,0.7154,40.98609467,1059.34,1034,1024.50677,FALSE
551,South Carolina,2018,1726527,3881840,4057306,0.4447702636,0.4255353183,28.3,68910,0.6383,40.33246785,5091.7,30061,169.3789295,FALSE
200,South Dakota,2018,341048,642257,669423,0.531014843,0.5094656144,29.2,71330,0.8164,38.88476493,879.386,75811,11.59971508,FALSE
201,Tennessee,2018,2267428,5073296,5337147,0.4469339065,0.4248389636,27.5,67250,0.7379,39.60224098,6778.18,41235,164.3792894,FALSE
202,Texas,2018,8375000,18377841,21711618,0.4557118543,0.3857381794,30.3,71720,0.4142,36.46089067,28624.56,261232,109.5752435,FALSE
552,Utah,2018,1082972,2140159,2291926,0.5060240851,0.4725161284,34.9,92450,0.7796,34.10367365,3155.15,82170,38.39783376,FALSE
203,Vermont,2018,278230,499907,510397,0.5565635208,0.5451246775,38.7,84050,0.9288,42.76190476,624.802,9217,67.78800043,FALSE
204,Virginia,2018,3363505,6177626,6687863,0.5444656248,0.5029267196,39.3,92550,0.6153,39.43580499,8510.92,39490,215.5208914,FALSE
553,Washington,2018,3133448,5373202,5981386,0.5831621443,0.523866542,36.7,95640,0.6794,39.21768458,7526.79,66456,113.2597508,FALSE
598,West Virginia,2018,597149,1404206,1429959,0.4252574053,0.4175986864,21.3,60670,0.9245,42.0898248,1805.95,24038,75.12896248,FALSE
205,Wisconsin,2018,2675000,4354527,4563564,0.6143032297,0.586164673,30,75130,0.812,40.20911916,5809.32,54158,107.2661472,FALSE
206,Wyoming,2018,205275,428898,445747,0.478610299,0.4605190837,26.9,75020,0.8416,39.74709977,579.054,97093,5.96391089,FALSE
374,Alabama,2020,2325000,3761001,3917288,0.6181864881,0.5935228658,27.8,63980,0.67,39.7,5031.86,50645,99.35551387,TRUE
375,Alaska,2020,361400,528180,553820,0.6842364345,0.652558593,31.9,87440,0.64,35.6,732.964,570641,1.284457303,TRUE
563,Arizona,2020,3420585,4984557,5574070,0.6862365101,0.613660216,33,78480,0.58,38.9,7186.68,113594,63.2663697,TRUE
332,Arkansas,2020,1223675,2166787,2315001,0.564741712,0.5285850848,24.9,59400,0.75,38.8,3014.35,52035,57.92927837,TRUE
333,California,2020,17785151,25917882,30730598,0.6862115894,0.5787440583,36.9,90840,0.40,37.5,39503.2,155779,253.5848863,TRUE
334,Colorado,2020,3295666,4246895,4525319,0.776017773,0.7282726367,44.2,98010,0.70,37.2,5785.22,103642,55.81926246,TRUE
335,Connecticut,2020,1861086,2632351,2871003,0.7070052588,0.6482354773,42.4,92930,0.71,41.1,3577.59,4842,738.866171,TRUE
336,Delaware,2020,509241,725994,786622,0.7014396813,0.6473770121,34.7,81920,0.65,41.1,991.862,1949,508.908158,TRUE
337,District of Columbia,2020,346491,526607,566909,0.6579688458,0.6111933309,63.6,103200,0.35,33.9,670.839,61,10997.36066,TRUE
338,Florida,2020,11144855,15404801,17379930,0.7234663401,0.6412485551,33.7,67570,0.58,43,21591.3,53625,402.634965,TRUE
339,Georgia,2020,5023159,7364716,8234938,0.6820573937,0.6099813988,34.8,69330,0.56,37.5,10732.39,57513,186.6080712,TRUE
564,Hawaii,2020,579784,1041039,1150905,0.5569282227,0.50376356,35.5,94560,0.23,40.8,1451.18,6423,225.9349214,TRUE
340,Idaho,2020,878527,1298949,1391199,0.6763367923,0.6314890968,30.9,78060,0.84,36.8,1849.34,82643,22.37745484,TRUE
341,Illinois,2020,6050000,9148531,9964476,0.6613083565,0.607156864,37.6,86960,0.64,38.8,12790.36,55519,230.3780688,TRUE
342,Indiana,2020,3068542,4985618,5199619,0.6154787631,0.5901474704,28.9,78150,0.82,38.2,6789.1,35826,189.5020376,TRUE
565,Iowa,2020,1700130,2332831,2451863,0.7287840396,0.6934033427,29.5,80510,0.89,38.6,3190.9,55857,57.12623306,TRUE
376,Kansas,2020,1375125,2094282,2229903,0.6566092818,0.616674806,35.1,85500,0.78,37.4,2938.12,81759,35.93634952,TRUE
566,Kentucky,2020,2150954,3319244,3486455,0.6480252732,0.6169458662,27.4,66400,0.86,39.4,4508.16,39486,114.1710986,TRUE
343,Louisiana,2020,2169401,3378891,3562696,0.6420452746,0.6089211653,27.2,59880,0.60,38.1,4652.02,43204,107.6756782,TRUE
344,Maine,2020,828305,1093470,1112819,0.7575013489,0.7443303898,33.5,74510,0.94,45.1,1364.52,30843,44.2408326,TRUE
567,Maryland,2020,3066945,4388734,4811635,0.6988222572,0.6374018395,43.1,110900,0.55,38.8,6173.69,9707,636.0039147,TRUE
345,Massachusetts,2020,3658005,5151671,5652754,0.7100618421,0.6471190857,46.9,102700,0.76,39.9,6997.71,7800,897.1423077,TRUE
346,Michigan,2020,5579317,7587900,7910023,0.7352913191,0.7053477594,32.1,75330,0.77,40.1,10070.63,56539,178.11829,TRUE
347,Minnesota,2020,3292997,4128534,4389244,0.7976189611,0.7502424108,37.9,92130,0.83,38.4,5710.58,79627,71.71662878,TRUE
348,Mississippi,2020,1325000,2194780,2272141,0.603705155,0.5831504295,24.5,52800,0.58,39,2958.41,46923,63.04818532,TRUE
349,Missouri,2020,3026028,4586423,4777750,0.6597795275,0.63335838,31.9,72740,0.81,39,6154.43,68742,89.52939978,TRUE
350,Montana,2020,612075,840801,855210,0.7279665462,0.7157014067,34.6,66380,0.88,40.5,1087.21,145546,7.469872068,TRUE
351,Nebraska,2020,966920,1390687,1477375,0.6952822598,0.654485151,33.3,84520,0.82,36.9,1963.27,76824,25.55542539,TRUE
352,Nevada,2020,1407754,2128186,2421837,0.6614807164,0.5812752881,28,71550,0.54,38.6,3115.84,109781,28.38232481,TRUE
568,New Hampshire,2020,814499,1087140,1123863,0.7492126129,0.7247315732,40.2,104000,0.92,43.6,1378.7,8953,153.9930749,TRUE
353,New Jersey,2020,4635585,6442755,7271361,0.7195035354,0.6375127022,43.1,100100,0.59,39.9,9272.39,7354,1260.863476,TRUE
354,New Mexico,2020,928230,1520916,1639967,0.6103098396,0.5660052916,30.1,59550,0.41,39.2,2118.49,121298,17.46516843,TRUE
355,New York,2020,8690139,14223694,15990656,0.6109621734,0.5434510629,39.5,80320,0.58,39,20104.71,47126,426.616093,TRUE
356,North Carolina,2020,5545848,7619132,8180315,0.7278844887,0.6779504212,34.8,70700,0.65,39.4,10453.81,48618,215.0193344,TRUE
357,North Dakota,2020,364251,574506,594267,0.6340247099,0.6129416575,31.8,75010,0.89,35.8,779.563,69001,11.29785076,TRUE
358,Ohio,2020,5974121,8911864,9198716,0.6703559435,0.6494516191,30.6,70640,0.81,39.8,11798.29,40861,288.7420768,TRUE
359,Oklahoma,2020,1565000,2829329,3014541,0.5531346832,0.5191503449,27,61380,0.69,37.3,3965.23,68595,57.80639988,TRUE
360,Oregon,2020,2413890,3166794,3374426,0.7622504021,0.7153483289,36.3,89910,0.79,39.9,4245.04,95988,44.22469475,TRUE
569,Pennsylvania,2020,6958551,9927102,10336614,0.7009649946,0.6731944329,34,82810,0.80,41,12995.48,44743,290.4472208,TRUE
361,Rhode Island,2020,522488,827594,887378,0.6313337216,0.5887998125,38,93790,0.76,40.5,1096.44,1034,1060.386847,TRUE
362,South Carolina,2020,2533010,3842990,4030234,0.6591247961,0.6285019679,31.7,70590,0.64,40.5,5132.15,30061,170.7245268,TRUE
363,South Dakota,2020,427529,643963,670773,0.6639030503,0.6373676341,28.4,82110,0.85,37.7,887.852,75811,11.71138753,TRUE
364,Tennessee,2020,3065000,5131238,5397825,0.597321738,0.5678212984,30.7,64310,0.76,39.1,6926.09,41235,167.9662908,TRUE
365,Texas,2020,11350000,18660177,21916249,0.6082471779,0.5178805917,33.2,80020,0.45,35.6,29234.36,261232,111.909567,TRUE
366,Utah,2020,1515845,2190033,2341833,0.6921562369,0.6472899647,36.9,98260,0.80,31.3,3283.98,82170,39.96568091,TRUE
367,Vermont,2020,370968,513506,525579,0.7224219386,0.7058272876,42.1,78680,0.94,43.5,642.936,9217,69.75545188,TRUE
368,Virginia,2020,4523142,6215576,6748359,0.7277108348,0.6702580583,42,96180,0.65,38.7,8637.19,39490,218.7184097,TRUE
607,Washington,2020,4116894,5405804,6034791,0.7615692319,0.6821933021,38.4,95180,0.73,38.1,7724.57,66456,116.2358553,TRUE
369,West Virginia,2020,802726,1402385,1430531,0.572400589,0.5611384863,23.1,60800,0.93,42.9,1791.56,24038,74.53032698,TRUE
370,Wisconsin,2020,3310000,4395551,4614661,0.7530341475,0.7172791241,31.8,78860,0.83,40.1,5896.7,54158,108.8795746,TRUE
371,Wyoming,2020,278503,426246,442682,0.6533856036,0.6291265513,28.2,76570,0.86,38.7,577.664,97093,5.949594718,TRUE
207,Alabama,2022,1424087,3820009,3977770,0.3727967657,0.3580113983,28.8,62290,0.6448,40.23439788,5073.9,50645,100.1856057,FALSE
208,Alaska,2022,267047,531448,558308,0.5024894251,0.478314837,30.6,93310,0.57729,37.89793873,733.276,570641,1.285004057,FALSE
209,Arizona,2022,2592313,5257070,5806140,0.4931098502,0.4464778665,33,76370,0.51838,40.18068904,7365.68,113594,64.84215716,FALSE
210,Arkansas,2022,914227,2202252,2357190,0.4151327823,0.3878461219,25.4,56120,0.67664,39.70151377,3046.4,52035,58.54520995,FALSE
211,California,2022,11146610,25994715,30542685,0.4288029317,0.3649518698,37,88690,0.33729,39.2291958,39040.62,155779,250.6154231,FALSE
610,Colorado,2022,2540666,4357176,4642930,0.5830992368,0.5472117822,45.9,93510,0.64987,39.36362838,5841.04,103642,56.3578472,FALSE
519,Connecticut,2022,1297811,2672164,2901604,0.4856779,0.4472736459,41.9,94340,0.62049,41.31135573,3608.71,4842,745.2932672,FALSE
212,Delaware,2022,325632,761497,815329,0.4276208573,0.3993872412,36.5,83960,0.59025,42.19804179,1019.46,1949,523.0682401,FALSE
213,District of Columbia,2022,205774,506405,548366,0.4063427494,0.3752493772,65.4,105700,0.36301,38.30269339,670.949,61,10999.16393,FALSE
554,Florida,2022,7796916,16197278,18100676,0.4813719935,0.430752752,34.3,67960,0.50832,42.67946159,22245.52,53625,414.8348718,FALSE
284,Georgia,2022,3964926,7644125,8445249,0.5186893202,0.4694859796,34.7,70420,0.49759,38.63294313,10913.15,57513,189.7510128,FALSE
214,Hawaii,2022,423443,1046736,1144775,0.4045365785,0.3698919002,35.4,94620,0.19476,42.06352683,1439.4,6423,224.1008874,FALSE
285,Idaho,2022,595350,1397732,1490206,0.4259400228,0.3995085243,32.3,75460,0.79344,38.84468491,1939,82643,23.46236221,FALSE
215,Illinois,2022,4144125,9048164,9859786,0.4580072819,0.4203057754,37.7,81120,0.58538,39.94823562,12582.52,55519,226.6344855,FALSE
216,Indiana,2022,1880755,5061894,5277826,0.3715516366,0.356350323,29.6,72810,0.76117,39.31388378,6832.27,35826,190.7070284,FALSE
217,Iowa,2022,1230417,2372595,2482470,0.5185954619,0.4956422434,32.3,79350,0.82928,39.95398259,3199.69,55857,57.28359919,FALSE
218,Kansas,2022,1008998,2121246,2251251,0.4756628887,0.4481943595,35.6,75950,0.73251,39.10473842,2936.72,81759,35.91922602,FALSE
219,Kentucky,2022,1502550,3352567,3512486,0.4481789626,0.427773947,27.9,58090,0.82538,39.96954674,4511.56,39486,114.2572051,FALSE
220,Louisiana,2022,1410466,3355031,3524363,0.420403269,0.4002045192,27.1,60640,0.57096,39.38691706,4588.02,43204,106.1943339,FALSE
221,Maine,2022,680909,1119461,1143143,0.6082471832,0.5956463889,36.1,78150,0.90529,44.10970996,1389.34,30843,45.04555329,FALSE
555,Maryland,2022,2031635,4434258,4823486,0.4581679731,0.4211964127,43.8,112500,0.47177,40.14542853,6163.98,9707,635.0036056,FALSE
222,Massachusetts,2022,2511461,5141977,5651857,0.4884232271,0.4443603226,46.6,97260,0.6726,41.27214075,6982.74,7800,895.2230769,FALSE
223,Michigan,2022,4500400,7640677,7933413,0.5890053983,0.5672716144,32.1,71730,0.72882,40.83916739,10033.28,56539,177.4576841,FALSE
286,Minnesota,2022,2526646,4181894,4434088,0.6041870023,0.5698231519,39.1,93980,0.76294,39.83031569,5714.3,79627,71.7633466,FALSE
224,Mississippi,2022,709100,2183828,2263618,0.3247050592,0.3132595694,24.8,50540,0.55671,39.54971897,2938.93,46923,62.6330371,FALSE
225,Missouri,2022,2304250,4642509,4822855,0.4963372177,0.4777771673,32.2,74360,0.76861,40.16395659,6177.17,68742,89.86020191,FALSE
226,Montana,2022,468326,879710,895752,0.5323640745,0.5228299797,34.6,75870,0.83751,41.24721054,1122.88,145546,7.714949226,FALSE
227,Nebraska,2022,682716,1409798,1494725,0.4842651217,0.4567502383,34.7,81480,0.75928,38.89151905,1968.06,76824,25.6177757,FALSE
228,Nevada,2022,1023617,2232999,2502244,0.458404594,0.4090796101,27,75200,0.44361,39.93133679,3177.42,109781,28.94325976,FALSE
229,New Hampshire,2022,626931,1113547,1145537,0.5630036271,0.5472813187,41.3,88350,0.86661,42.97585395,1399,8953,156.2604714,FALSE
230,New Jersey,2022,2645539,6447094,7275453,0.4103459636,0.3636253303,43.5,96010,0.5148,40.46916866,9260.82,7354,1259.290182,FALSE
231,New Mexico,2022,714754,1542457,1657556,0.4633866617,0.431209564,30.5,58660,0.34684,40.64708169,2113.48,121298,17.42386519,FALSE
287,New York,2022,5962278,14026187,15676287,0.4250818843,0.3803373847,40,78920,0.52967,40.91870284,19673.2,47126,417.4595765,FALSE
232,North Carolina,2022,3790202,7972970,8455572,0.4753814451,0.4482490363,35.9,67660,0.60937,40.20162086,10695.97,48618,220.0002057,FALSE
233,North Dakota,2022,242566,581570,598899,0.4170882267,0.4050198781,31.8,81840,0.82819,38.84556452,778.912,69001,11.28841611,FALSE
234,Ohio,2022,4201368,8921202,9199881,0.4709419202,0.4566763418,32,70200,0.7634,40.43239114,11759.7,40861,287.7976555,FALSE
235,Oklahoma,2022,1153284,2913333,3080502,0.3958641185,0.3743818378,28.5,65960,0.62771,38.73850434,4019.27,68595,58.59421241,FALSE
236,Oregon,2022,1997689,3208133,3409264,0.6226951937,0.5859590222,36.3,90230,0.7181,41.32568818,4239.38,95988,44.16572905,FALSE
237,Pennsylvania,2022,5410022,9953327,10366708,0.5435390599,0.5218649932,35.1,75070,0.73291,41.58500207,12972.09,44743,289.9244575,FALSE
238,Rhode Island,2022,361449,828495,890835,0.436271794,0.405741804,39.6,83860,0.68046,41.75686499,1093.84,1034,1057.87234,FALSE
556,South Carolina,2022,1718626,4018588,4195145,0.4276691216,0.4096702259,32.6,64220,0.62792,41.07513581,5282.96,30061,175.741326,FALSE
239,South Dakota,2022,354670,668380,695896,0.530641252,0.5096594893,31.6,69850,0.80141,39.6210213,909.869,75811,12.00180713,FALSE
513,Tennessee,2022,1756397,5270397,5539421,0.3332570582,0.3170723077,31.1,67980,0.721,40.00686456,7048.98,41235,170.946526,FALSE
514,Texas,2022,8151590,19499000,22746809,0.418051695,0.3583619135,33.9,77600,0.38883,37.06476596,30029.85,261232,114.9547146,FALSE
240,Utah,2022,1084634,2317746,2468679,0.4679693116,0.4393580534,37.9,99610,0.75622,34.91025139,3381.24,82170,41.14932457,FALSE
241,Vermont,2022,291955,521758,533545,0.5595601792,0.5471984556,44.2,75060,0.90405,43.35191414,647.11,9217,70.20831073,FALSE
242,Virginia,2022,3021956,6348891,6836463,0.4759817108,0.4420350114,42.2,88550,0.58904,40.04491887,8679.1,39490,219.7796911,FALSE
243,Washington,2022,3067686,5543001,6164761,0.5534341415,0.4976163715,39.5,92980,0.63597,39.90780422,7784.48,66456,117.137354,FALSE
244,West Virginia,2022,494753,1396169,1423003,0.3543646937,0.347682331,24.8,54540,0.90436,42.39748662,1774.04,24038,73.80148099,FALSE
245,Wisconsin,2022,2673154,4467396,4655496,0.5983696095,0.5741931687,33.2,76240,0.79052,40.93031698,5890.54,54158,108.7658333,FALSE
594,Wyoming,2022,198198,434797,452896,0.4558403117,0.4376236487,29.6,76000,0.81906,40.38952768,581.629,97093,5.990431854,FALSE